{"timestamps": [1494157203.307193], "initial_reset_timestamp": 1494157201.007552, "episode_types": ["t"], "episode_lengths": [999], "episode_rewards": [-21.0]}