{"timestamps": [1494170325.870104], "initial_reset_timestamp": 1494170317.261614, "episode_types": ["t"], "episode_lengths": [4770], "episode_rewards": [4.0]}