{"timestamps": [1494168255.770621], "initial_reset_timestamp": 1494168251.004504, "episode_types": ["t"], "episode_lengths": [2613], "episode_rewards": [-14.0]}