{"timestamps": [1494186990.142178], "initial_reset_timestamp": 1494186980.022654, "episode_types": ["t"], "episode_lengths": [5271], "episode_rewards": [1.0]}