{"timestamps": [1494174471.914574], "initial_reset_timestamp": 1494174463.499798, "episode_types": ["t"], "episode_lengths": [4622], "episode_rewards": [-1.0]}