{"timestamps": [1494162212.029045], "initial_reset_timestamp": 1494162205.134174, "episode_types": ["t"], "episode_lengths": [3659], "episode_rewards": [-11.0]}