{"timestamps": [1494178605.043122], "initial_reset_timestamp": 1494178594.777348, "episode_types": ["t"], "episode_lengths": [5583], "episode_rewards": [-6.0]}