{"timestamps": [1494176537.533717], "initial_reset_timestamp": 1494176527.625153, "episode_types": ["t"], "episode_lengths": [5451], "episode_rewards": [2.0]}