{"timestamps": [1494184864.229488], "initial_reset_timestamp": 1494184855.606642, "episode_types": ["t"], "episode_lengths": [4696], "episode_rewards": [7.0]}