{"timestamps": [1494191155.38011], "initial_reset_timestamp": 1494191144.418902, "episode_types": ["t"], "episode_lengths": [5907], "episode_rewards": [1.0]}