{"timestamps": [1494164213.666316], "initial_reset_timestamp": 1494164206.663096, "episode_types": ["t"], "episode_lengths": [3770], "episode_rewards": [-7.0]}