{"timestamps": [1494189073.811554], "initial_reset_timestamp": 1494189064.079312, "episode_types": ["t"], "episode_lengths": [5296], "episode_rewards": [5.0]}