{"timestamps": [1494158378.303823], "initial_reset_timestamp": 1494158375.776538, "episode_types": ["t"], "episode_lengths": [1007], "episode_rewards": [-21.0]}