{"timestamps": [1494197343.44907], "initial_reset_timestamp": 1494197335.946765, "episode_types": ["t"], "episode_lengths": [4034], "episode_rewards": [7.0]}