{"timestamps": [1494182755.95139], "initial_reset_timestamp": 1494182747.58629, "episode_types": ["t"], "episode_lengths": [4505], "episode_rewards": [10.0]}