{"timestamps": [1494160213.821566], "initial_reset_timestamp": 1494160209.571339, "episode_types": ["t"], "episode_lengths": [2325], "episode_rewards": [-18.0]}