{"timestamps": [1494193216.589675], "initial_reset_timestamp": 1494193207.552828, "episode_types": ["t"], "episode_lengths": [4942], "episode_rewards": [9.0]}