{"timestamps": [1494180682.500679], "initial_reset_timestamp": 1494180671.807867, "episode_types": ["t"], "episode_lengths": [5857], "episode_rewards": [-1.0]}