{"timestamps": [1494195291.299015], "initial_reset_timestamp": 1494195282.757049, "episode_types": ["t"], "episode_lengths": [4589], "episode_rewards": [-3.0]}