{"timestamps": [1494172398.098843], "initial_reset_timestamp": 1494172388.477141, "episode_types": ["t"], "episode_lengths": [5342], "episode_rewards": [2.0]}